{
  "Orders" : {
    "transaction" : "Orders",
    "sampleCount" : 9884,
    "errorCount" : 3917,
    "errorPct" : 39.629704,
    "meanResTime" : 1290.398219344397,
    "medianResTime" : 498.0,
    "minResTime" : 0.0,
    "maxResTime" : 71463.0,
    "pct1ResTime" : 2998.5,
    "pct2ResTime" : 4416.0,
    "pct3ResTime" : 9732.15,
    "throughput" : 4.760959744746278,
    "receivedKBytesPerSec" : 17.021678008005097,
    "sentKBytesPerSec" : 0.34249202332118844
  },
  "Total" : {
    "transaction" : "Total",
    "sampleCount" : 57620,
    "errorCount" : 26904,
    "errorPct" : 46.69212,
    "meanResTime" : 24439.452481777087,
    "medianResTime" : 3417.0,
    "minResTime" : 0.0,
    "maxResTime" : 1026159.0,
    "pct1ResTime" : 29303.9,
    "pct2ResTime" : 29752.95,
    "pct3ResTime" : 30161.99,
    "throughput" : 27.73595295766729,
    "receivedKBytesPerSec" : 167.77105918761265,
    "sentKBytesPerSec" : 1.7684323130470656
  },
  "Signin" : {
    "transaction" : "Signin",
    "sampleCount" : 11963,
    "errorCount" : 5982,
    "errorPct" : 50.00418,
    "meanResTime" : 26184.44244754653,
    "medianResTime" : 7551.0,
    "minResTime" : 83.0,
    "maxResTime" : 1026159.0,
    "pct1ResTime" : 35222.0,
    "pct2ResTime" : 72276.79999999993,
    "pct3ResTime" : 476216.36,
    "throughput" : 5.760262709966945,
    "receivedKBytesPerSec" : 89.70041152257183,
    "sentKBytesPerSec" : 0.34569348076261003
  },
  "Dashboard" : {
    "transaction" : "Dashboard",
    "sampleCount" : 16000,
    "errorCount" : 9161,
    "errorPct" : 57.25625,
    "meanResTime" : 65729.13618750001,
    "medianResTime" : 29739.0,
    "minResTime" : 508.0,
    "maxResTime" : 1025166.0,
    "pct1ResTime" : 85226.19999999998,
    "pct2ResTime" : 489078.9,
    "pct3ResTime" : 489671.99,
    "throughput" : 7.701757155895117,
    "receivedKBytesPerSec" : 26.34330659991249,
    "sentKBytesPerSec" : 0.38519315525587167
  },
  "Favourites" : {
    "transaction" : "Favourites",
    "sampleCount" : 9994,
    "errorCount" : 4002,
    "errorPct" : 40.044025,
    "meanResTime" : 2020.372723634175,
    "medianResTime" : 631.0,
    "minResTime" : 55.0,
    "maxResTime" : 74546.0,
    "pct1ResTime" : 4985.0,
    "pct2ResTime" : 7782.25,
    "pct3ResTime" : 15421.0,
    "throughput" : 4.8135669957109455,
    "receivedKBytesPerSec" : 17.90083137313573,
    "sentKBytesPerSec" : 0.3551158598700038
  },
  "Offers" : {
    "transaction" : "Offers",
    "sampleCount" : 9779,
    "errorCount" : 3842,
    "errorPct" : 39.28827,
    "meanResTime" : 1057.8471213825524,
    "medianResTime" : 456.0,
    "minResTime" : 1.0,
    "maxResTime" : 74091.0,
    "pct1ResTime" : 2159.0,
    "pct2ResTime" : 3438.0,
    "pct3ResTime" : 8429.200000000095,
    "throughput" : 4.710814109993825,
    "receivedKBytesPerSec" : 16.867103073476223,
    "sentKBytesPerSec" : 0.34074417790055406
  }
}