{
  "Orders" : {
    "transaction" : "Orders",
    "sampleCount" : 2900,
    "errorCount" : 0,
    "errorPct" : 0.0,
    "meanResTime" : 762.3396551724153,
    "medianResTime" : 259.5,
    "minResTime" : 168.0,
    "maxResTime" : 32099.0,
    "pct1ResTime" : 1677.6000000000004,
    "pct2ResTime" : 2666.2499999999973,
    "pct3ResTime" : 5642.129999999959,
    "throughput" : 9.285972737664867,
    "receivedKBytesPerSec" : 36.22798934274525,
    "sentKBytesPerSec" : 1.1063365956983533
  },
  "Total" : {
    "transaction" : "Total",
    "sampleCount" : 15285,
    "errorCount" : 735,
    "errorPct" : 4.8086357,
    "meanResTime" : 19987.36637226039,
    "medianResTime" : 1417.0,
    "minResTime" : 167.0,
    "maxResTime" : 292349.0,
    "pct1ResTime" : 29518.0,
    "pct2ResTime" : 86992.89999999931,
    "pct3ResTime" : 291914.14,
    "throughput" : 34.94073676149547,
    "receivedKBytesPerSec" : 300.43302221799956,
    "sentKBytesPerSec" : 3.958130336263159
  },
  "Signin" : {
    "transaction" : "Signin",
    "sampleCount" : 2985,
    "errorCount" : 85,
    "errorPct" : 2.8475711,
    "meanResTime" : 22440.1835845896,
    "medianResTime" : 9016.0,
    "minResTime" : 672.0,
    "maxResTime" : 284520.0,
    "pct1ResTime" : 36515.200000000004,
    "pct2ResTime" : 82022.49999999983,
    "pct3ResTime" : 283967.14,
    "throughput" : 6.8423598233135365,
    "receivedKBytesPerSec" : 187.37964355689246,
    "sentKBytesPerSec" : 0.7919895393269503
  },
  "Dashboard" : {
    "transaction" : "Dashboard",
    "sampleCount" : 3600,
    "errorCount" : 650,
    "errorPct" : 18.055555,
    "meanResTime" : 64199.60916666662,
    "medianResTime" : 10466.5,
    "minResTime" : 767.0,
    "maxResTime" : 292349.0,
    "pct1ResTime" : 291336.3,
    "pct2ResTime" : 291854.55,
    "pct3ResTime" : 292196.98,
    "throughput" : 8.229417882982249,
    "receivedKBytesPerSec" : 34.32147663759701,
    "sentKBytesPerSec" : 0.7729812923615
  },
  "Favourites" : {
    "transaction" : "Favourites",
    "sampleCount" : 2900,
    "errorCount" : 0,
    "errorPct" : 0.0,
    "meanResTime" : 1130.0968965517234,
    "medianResTime" : 439.5,
    "minResTime" : 167.0,
    "maxResTime" : 60482.0,
    "pct1ResTime" : 2496.0,
    "pct2ResTime" : 4219.149999999997,
    "pct3ResTime" : 9763.36999999992,
    "throughput" : 9.262749056157812,
    "receivedKBytesPerSec" : 38.453072497780134,
    "sentKBytesPerSec" : 1.1397523252694182
  },
  "Offers" : {
    "transaction" : "Offers",
    "sampleCount" : 2900,
    "errorCount" : 0,
    "errorPct" : 0.0,
    "meanResTime" : 660.7889655172424,
    "medianResTime" : 206.0,
    "minResTime" : 167.0,
    "maxResTime" : 15335.0,
    "pct1ResTime" : 1546.8000000000002,
    "pct2ResTime" : 2283.8499999999995,
    "pct3ResTime" : 4728.729999999994,
    "throughput" : 9.28653772255668,
    "receivedKBytesPerSec" : 36.230193556263615,
    "sentKBytesPerSec" : 1.1064039083514796
  }
}