{
  "Orders" : {
    "transaction" : "Orders",
    "sampleCount" : 3000,
    "errorCount" : 0,
    "errorPct" : 0.0,
    "meanResTime" : 1152.406666666667,
    "medianResTime" : 287.0,
    "minResTime" : 166.0,
    "maxResTime" : 63567.0,
    "pct1ResTime" : 2161.0000000000027,
    "pct2ResTime" : 3293.5499999999947,
    "pct3ResTime" : 16367.969999999912,
    "throughput" : 7.193123374054403,
    "receivedKBytesPerSec" : 28.06301550717514,
    "sentKBytesPerSec" : 0.8569932144869504
  },
  "Total" : {
    "transaction" : "Total",
    "sampleCount" : 15000,
    "errorCount" : 0,
    "errorPct" : 0.0,
    "meanResTime" : 3648.2069333333347,
    "medianResTime" : 797.5,
    "minResTime" : 166.0,
    "maxResTime" : 63567.0,
    "pct1ResTime" : 9896.699999999999,
    "pct2ResTime" : 17970.85,
    "pct3ResTime" : 39462.40999999999,
    "throughput" : 35.78210131582714,
    "receivedKBytesPerSec" : 318.1601879693419,
    "sentKBytesPerSec" : 4.2491245312544725
  },
  "Signin" : {
    "transaction" : "Signin",
    "sampleCount" : 3000,
    "errorCount" : 0,
    "errorPct" : 0.0,
    "meanResTime" : 7730.814000000006,
    "medianResTime" : 4154.0,
    "minResTime" : 508.0,
    "maxResTime" : 62335.0,
    "pct1ResTime" : 21300.7,
    "pct2ResTime" : 26645.099999999984,
    "pct3ResTime" : 44004.46999999994,
    "throughput" : 7.2534550624280705,
    "receivedKBytesPerSec" : 203.8121704211356,
    "sentKBytesPerSec" : 0.8641811695470942
  },
  "Dashboard" : {
    "transaction" : "Dashboard",
    "sampleCount" : 3000,
    "errorCount" : 0,
    "errorPct" : 0.0,
    "meanResTime" : 7162.301999999997,
    "medianResTime" : 3565.0,
    "minResTime" : 512.0,
    "maxResTime" : 56662.0,
    "pct1ResTime" : 20210.300000000017,
    "pct2ResTime" : 29147.149999999994,
    "pct3ResTime" : 50184.78999999999,
    "throughput" : 7.265417822069918,
    "receivedKBytesPerSec" : 32.006152143903705,
    "sentKBytesPerSec" : 0.8230356126563578
  },
  "Favourites" : {
    "transaction" : "Favourites",
    "sampleCount" : 3000,
    "errorCount" : 0,
    "errorPct" : 0.0,
    "meanResTime" : 1248.6513333333335,
    "medianResTime" : 426.0,
    "minResTime" : 167.0,
    "maxResTime" : 39717.0,
    "pct1ResTime" : 2176.8,
    "pct2ResTime" : 3574.0999999999967,
    "pct3ResTime" : 17715.939999999955,
    "throughput" : 7.2530517215118255,
    "receivedKBytesPerSec" : 30.11008092592458,
    "sentKBytesPerSec" : 0.8924653485454004
  },
  "Offers" : {
    "transaction" : "Offers",
    "sampleCount" : 3000,
    "errorCount" : 0,
    "errorPct" : 0.0,
    "meanResTime" : 946.8606666666677,
    "medianResTime" : 267.0,
    "minResTime" : 166.0,
    "maxResTime" : 36065.0,
    "pct1ResTime" : 1902.900000000001,
    "pct2ResTime" : 2787.0,
    "pct3ResTime" : 8979.589999999991,
    "throughput" : 7.186730420950757,
    "receivedKBytesPerSec" : 28.038074249705346,
    "sentKBytesPerSec" : 0.8562315540585863
  }
}